"","Month","Avg_change"
"1","May",0.420108679386662
"2","November",0.442336069000475
"3","October",0.495200576735121
"4","August",0.495216410341827
"5","December",0.515209489754935
"6","June",0.537971843488551
"7","April",0.600381727379499
"8","September",0.744175246967173
"9","March",0.822688525608685
"10","July",0.831800563532643
"11","January",1.12671599877888
"12","February",1.1462636018009
